{
  "leaderboard": [
    {
      "rank": 1,
      "username": "pavka",
      "xp": 611,
      "level": "Pro",
      "tokens": 978,
      "total_play_time": 367,
      "total_sessions": 25,
      "total_spent": 0.0,
      "last_login": "2025-06-14 21:43:57",
      "member_since": "2025-06-04 00:02:26",
      "hours_played": 6.1
    },
    {
      "rank": 2,
      "username": "chaser",
      "xp": 61,
      "level": "Novice",
      "tokens": 74,
      "total_play_time": 37,
      "total_sessions": 6,
      "total_spent": 0.0,
      "last_login": "2025-06-11 21:52:57",
      "member_since": "2025-06-07 18:27:32",
      "hours_played": 0.6
    },
    {
      "rank": 3,
      "username": "pavkata",
      "xp": 33,
      "level": "Rookie",
      "tokens": 33,
      "total_play_time": 20,
      "total_sessions": 4,
      "total_spent": 0.0,
      "last_login": "2025-06-12 20:20:55",
      "member_since": "2025-06-08 16:32:19",
      "hours_played": 0.3
    },
    {
      "rank": 4,
      "username": "marti",
      "xp": 23,
      "level": "Rookie",
      "tokens": 23,
      "total_play_time": 14,
      "total_sessions": 9,
      "total_spent": 66.0,
      "last_login": "2025-06-08 14:01:48",
      "member_since": "2025-06-05 20:24:23",
      "hours_played": 0.2
    },
    {
      "rank": 5,
      "username": "batza",
      "xp": 0,
      "level": "Rookie",
      "tokens": 0,
      "total_play_time": 0,
      "total_sessions": 0,
      "total_spent": 0.0,
      "last_login": null,
      "member_since": "2025-06-09 16:45:17",
      "hours_played": 0.0
    }
  ],
  "recent_activity": [
    {
      "username": "pavka",
      "start_time": "2025-06-12 20:14:13",
      "end_time": "2025-06-12 20:28:12",
      "duration_minutes": 14,
      "computer_id": "DESKTOP-B0VTI5U_8796752408732",
      "activity_type": "racing_session"
    },
    {
      "username": "chaser",
      "start_time": "2025-06-11 21:00:30",
      "end_time": "2025-06-11 21:02:04",
      "duration_minutes": 2,
      "computer_id": "DESKTOP-B0VTI5U_8796752408732",
      "activity_type": "racing_session"
    },
    {
      "username": "pavka",
      "start_time": "2025-06-09 16:47:59",
      "end_time": "2025-06-09 16:48:15",
      "duration_minutes": 1,
      "computer_id": "DESKTOP-B0VTI5U_8796752408732",
      "activity_type": "racing_session"
    },
    {
      "username": "pavka",
      "start_time": "2025-06-09 16:46:31",
      "end_time": "2025-06-09 16:47:46",
      "duration_minutes": 2,
      "computer_id": "DESKTOP-B0VTI5U_8796752408732",
      "activity_type": "racing_session"
    },
    {
      "username": "pavkata",
      "start_time": "2025-06-08 19:38:27",
      "end_time": "2025-06-08 19:41:18",
      "duration_minutes": 3,
      "computer_id": "DESKTOP-B0VTI5U_8796752408732",
      "activity_type": "racing_session"
    },
    {
      "username": "pavkata",
      "start_time": "2025-06-08 17:24:04",
      "end_time": "2025-06-08 17:25:17",
      "duration_minutes": 1,
      "computer_id": "DESKTOP-B0VTI5U_8796752408732",
      "activity_type": "racing_session"
    },
    {
      "username": "pavkata",
      "start_time": "2025-06-08 16:32:47",
      "end_time": "2025-06-08 16:48:20",
      "duration_minutes": 16,
      "computer_id": "DESKTOP-B0VTI5U_8796752408732",
      "activity_type": "racing_session"
    },
    {
      "username": "pavka",
      "start_time": "2025-06-08 14:51:08",
      "end_time": "2025-06-08 15:15:16",
      "duration_minutes": 24,
      "computer_id": "DESKTOP-B0VTI5U_8796752408732",
      "activity_type": "racing_session"
    },
    {
      "username": "marti",
      "start_time": "2025-06-08 14:01:48",
      "end_time": "2025-06-08 14:09:15",
      "duration_minutes": 3,
      "computer_id": "DESKTOP-B0VTI5U_8796752408732",
      "activity_type": "racing_session"
    },
    {
      "username": "pavka",
      "start_time": "2025-06-08 13:56:59",
      "end_time": "2025-06-08 14:01:03",
      "duration_minutes": 5,
      "computer_id": "DESKTOP-B0VTI5U_8796752408732",
      "activity_type": "racing_session"
    },
    {
      "username": "pavka",
      "start_time": "2025-06-08 13:50:02",
      "end_time": "2025-06-08 13:53:24",
      "duration_minutes": 4,
      "computer_id": "DESKTOP-B0VTI5U_8796752408732",
      "activity_type": "racing_session"
    },
    {
      "username": "chaser",
      "start_time": "2025-06-08 00:21:42",
      "end_time": "2025-06-08 00:23:00",
      "duration_minutes": 1,
      "computer_id": "DESKTOP-B0VTI5U_8796752408732",
      "activity_type": "racing_session"
    },
    {
      "username": "pavka",
      "start_time": "2025-06-07 23:55:38",
      "end_time": "2025-06-07 23:56:57",
      "duration_minutes": 2,
      "computer_id": "DESKTOP-B0VTI5U_8796752408732",
      "activity_type": "racing_session"
    },
    {
      "username": "chaser",
      "start_time": "2025-06-07 19:20:46",
      "end_time": "2025-06-07 19:21:20",
      "duration_minutes": 1,
      "computer_id": "DESKTOP-AU7O0H3_190032518091308",
      "activity_type": "racing_session"
    },
    {
      "username": "marti",
      "start_time": "2025-06-07 19:02:14",
      "end_time": "2025-06-07 19:02:25",
      "duration_minutes": 1,
      "computer_id": "DESKTOP-PJEU5G2_269058768589932",
      "activity_type": "racing_session"
    },
    {
      "username": "chaser",
      "start_time": "2025-06-07 18:58:30",
      "end_time": "2025-06-07 19:13:51",
      "duration_minutes": 16,
      "computer_id": "DESKTOP-AU7O0H3_190032518091308",
      "activity_type": "racing_session"
    },
    {
      "username": "chaser",
      "start_time": "2025-06-07 18:46:06",
      "end_time": "2025-06-07 18:53:08",
      "duration_minutes": 7,
      "computer_id": "DESKTOP-AU7O0H3_190032518091308",
      "activity_type": "racing_session"
    },
    {
      "username": "chaser",
      "start_time": "2025-06-07 18:27:52",
      "end_time": "2025-06-07 18:37:18",
      "duration_minutes": 10,
      "computer_id": "DESKTOP-PJEU5G2_269058768589932",
      "activity_type": "racing_session"
    },
    {
      "username": "marti",
      "start_time": "2025-06-07 18:17:46",
      "end_time": "2025-06-07 18:19:21",
      "duration_minutes": 2,
      "computer_id": "DESKTOP-B0VTI5U_8796752408732",
      "activity_type": "racing_session"
    },
    {
      "username": "marti",
      "start_time": "2025-06-07 18:14:12",
      "end_time": "2025-06-07 18:17:34",
      "duration_minutes": 4,
      "computer_id": "DESKTOP-B0VTI5U_8796752408732",
      "activity_type": "racing_session"
    },
    {
      "username": "marti",
      "start_time": "2025-06-06 21:29:05",
      "end_time": "2025-06-06 21:29:30",
      "duration_minutes": 1,
      "computer_id": "DESKTOP-AU7O0H3_190032518091308",
      "activity_type": "racing_session"
    },
    {
      "username": "pavka",
      "start_time": "2025-06-06 17:36:58",
      "end_time": "2025-06-06 18:18:49",
      "duration_minutes": 42,
      "computer_id": "DESKTOP-B0VTI5U_8796752408732",
      "activity_type": "racing_session"
    },
    {
      "username": "pavka",
      "start_time": "2025-06-06 17:35:52",
      "end_time": "2025-06-06 17:36:50",
      "duration_minutes": 1,
      "computer_id": "DESKTOP-B0VTI5U_8796752408732",
      "activity_type": "racing_session"
    },
    {
      "username": "marti",
      "start_time": "2025-06-05 20:27:37",
      "end_time": "2025-06-05 20:27:45",
      "duration_minutes": 1,
      "computer_id": "DESKTOP-PJEU5G2_269058768589932",
      "activity_type": "racing_session"
    },
    {
      "username": "marti",
      "start_time": "2025-06-05 20:24:43",
      "end_time": "2025-06-05 20:26:49",
      "duration_minutes": 2,
      "computer_id": "DESKTOP-PJEU5G2_269058768589932",
      "activity_type": "racing_session"
    },
    {
      "username": "pavka",
      "start_time": "2025-06-05 19:43:56",
      "end_time": "2025-06-05 19:46:29",
      "duration_minutes": 3,
      "computer_id": "DESKTOP-B0VTI5U_8796752408732",
      "activity_type": "racing_session"
    },
    {
      "username": "pavka",
      "start_time": "2025-06-05 00:48:06",
      "end_time": "2025-06-05 00:57:30",
      "duration_minutes": 10,
      "computer_id": "DESKTOP-B0VTI5U_8796752408732",
      "activity_type": "racing_session"
    },
    {
      "username": "pavka",
      "start_time": "2025-06-05 00:10:05",
      "end_time": "2025-06-05 01:00:32",
      "duration_minutes": 7,
      "computer_id": "DESKTOP-PJEU5G2_269058768589932",
      "activity_type": "racing_session"
    },
    {
      "username": "pavka",
      "start_time": "2025-06-04 23:56:55",
      "end_time": "2025-06-05 00:08:26",
      "duration_minutes": 11,
      "computer_id": "DESKTOP-B0VTI5U_8796752408732",
      "activity_type": "racing_session"
    },
    {
      "username": "pavka",
      "start_time": "2025-06-04 22:38:55",
      "end_time": "2025-06-04 22:39:33",
      "duration_minutes": 1,
      "computer_id": "DESKTOP-B0VTI5U_8796752408732",
      "activity_type": "racing_session"
    },
    {
      "username": "pavka",
      "start_time": "2025-06-04 22:35:46",
      "end_time": "2025-06-04 22:37:02",
      "duration_minutes": 2,
      "computer_id": "DESKTOP-B0VTI5U_8796752408732",
      "activity_type": "racing_session"
    },
    {
      "username": "pavka",
      "start_time": "2025-06-04 21:23:46",
      "end_time": "2025-06-04 21:27:58",
      "duration_minutes": 4,
      "computer_id": "DESKTOP-B0VTI5U_8796752408732",
      "activity_type": "racing_session"
    },
    {
      "username": "pavka",
      "start_time": "2025-06-04 19:14:01",
      "end_time": "2025-06-04 19:19:12",
      "duration_minutes": 55,
      "computer_id": "DESKTOP-B0VTI5U_8796752408732",
      "activity_type": "racing_session"
    },
    {
      "username": "pavka",
      "start_time": "2025-06-04 00:39:10",
      "end_time": "2025-06-04 00:39:22",
      "duration_minutes": 179,
      "computer_id": "DESKTOP-8H84R4M_8796758699773",
      "activity_type": "racing_session"
    }
  ],
  "stats": {
    "total_racers": 5,
    "total_sessions": 44,
    "total_hours": 7.199999999999999
  }
}